{
  "type": "minecraft:command",
  "pools": [
    {
      "rolls": 1,
      "entries": [
        {
          "type": "minecraft:item",
          "name": "minecraft:jigsaw",
          "functions": [
            {
              "function": "minecraft:set_name",
              "entity": "this",
              "name": {
                "text": "Golem Document",
                "color": "green",
                "italic": false,
                "underlined": false
              }
            },
            {
              "function": "minecraft:set_nbt",
              "tag": "{citizen:1b,CustomModelData:440000,emp_motivation:100}"
            },
            {
              "function": "minecraft:set_lore",
              "entity": "this",
              "lore": [
                {
                  "text": "-----------",
                  "color": "yellow",
                  "italic": false
                },
                {
                  "text": "Name: ",
                  "color": "gray",
                  "italic": false,
                  "extra": [
                    {
                      "selector": "@e[type=armor_stand,tag=the_almighty_namer,sort=nearest,limit=1]",
                      "color": "yellow",
                      "italic": false
                    }
                  ]
                },
                [
                  {
                    "text": "Motivation: ",
                    "color": "gray",
                    "italic": false
                  },
                  [
                    {
                      "text": "null",
                      "color": "#dc143c",
                      "bold": false,
                      "italic": false,
                      "extra": [
                        {
                          "text": "%",
                          "color": "gray",
                          "bold": false,
                          "italic": false
                        }
                      ]
                    }
                  ]
                ]
              ]
            }
          ]
        }
      ]
    }
  ]
}
