{
    "pools": [
      {
        "rolls": 1,
        "entries": [
          {
            "type": "minecraft:item",
            "name": "minecraft:allay_spawn_egg",
            "functions": [
              {
                "function": "minecraft:set_nbt",
                "tag": "{display:{Name:'{\"text\":\"Empires Crafter\",\"italic\":false}'},CustomModelData:440000,EntityTag:{id:\"minecraft:area_effect_cloud\",Duration:1,Radius:0f,Age:1,Tags:[\"empbl_init\",\"empires_crafter\"]}}"
              }
            ]
          }
        ]
      }
    ]
  }
  