{
    "type": "minecraft:command",
    "pools": [
      {
        "rolls": 1,
        "entries": [
          {
            "type": "minecraft:item",
            "name": "minecraft:powered_rail",
            "functions": [
              {
                "function": "minecraft:set_count",
                "count": {
                  "min": 2,
                  "max": 7
                }
              }
            ]
          },
          {
            "type": "minecraft:item",
            "name": "minecraft:rail",
            "functions": [
              {
                "function": "minecraft:set_count",
                "count": {
                  "min": 7,
                  "max": 16
                }
              }
            ]
          }
        ]
      }
    ]
  }
  