{
	"type": "minecraft:command",
	"pools": [
		{
			"rolls": {
				"min": 1,
				"max": 5
			},
			"bonus_rolls": 0,
			"entries": [
				{
					"type": "minecraft:item",
					"weight": 60,
					"name": "minecraft:cod"
				},
				{
					"type": "minecraft:item",
					"weight": 25,
					"name": "minecraft:salmon"
				},
				{
					"type": "minecraft:item",
					"weight": 2,
					"name": "minecraft:tropical_fish"
				},
				{
					"type": "minecraft:item",
					"weight": 13,
					"name": "minecraft:pufferfish"
				}
			]
		}
	]
}
