{
    "display": {
      "icon": {
        "item": "minecraft:rail"
      },
      "title": {
        "text": "Ironworking",
        "color": "#40e0d0"
      },
      "description": [
        {
          "text": "Unlocks: ",
          "color": "white",
          "italic": false
        },
        {
          "text": "Blacksmith",
          "color": "green",
          "italic": false
        }
      ],
      "frame": "task",
      "show_toast": true,
      "announce_to_chat": false
    },
    "parent": "empires:discovered/toolmaking",
    "criteria": {
      "requirement": {
        "trigger": "minecraft:impossible"
    }
  },
  "rewards": {
    "function": "empires:empires_crafter/crafting/select/tech/sound"
  }
}

  