{
  "display": {
    "icon": {
      "item": "minecraft:water_bucket"
    },
    "title": {
      "text": "Irrigation",
      "color": "#40e0d0"
    },
    "description": [
      {
        "text": "Unlocks: ",
        "color": "white",
        "italic": false
      },
      {
        "text": "Garden",
        "color": "green",
        "italic": false
      }
    ],
    "frame": "task",
    "show_toast": true,
    "announce_to_chat": false
  },
  "parent": "empires:discovered/toolmaking",
  "criteria": {
    "requirement": {
      "trigger": "minecraft:impossible"
    }
  },
  "rewards": {
    "function": "empires:empires_crafter/crafting/select/tech/sound"
  }
}
