{
  "display": {
    "icon": {
      "item": "minecraft:knowledge_book"
    },
    "title": {
      "text": "Invention Log",
      "color": "white",
      "bold": false
    },
    "description": {
      "text": "“Great empires are not maintained by timidity.” -Tacitus",
      "color": "yellow"
    },
    "background": "minecraft:textures/block/mud_bricks.png",
    "frame": "goal",
    "show_toast": true,
    "announce_to_chat": false
  },
  "criteria": {
    "requirement": {
      "trigger": "minecraft:inventory_changed",
      "conditions": {
        "items": [
          {
            "tag": "empires:tools"
          }
        ]
      }
    }
  },
  "rewards": {
    "function": "empires:player/join_datapack"
  }
}
