{
    "display": {
      "icon": {
        "item": "minecraft:wooden_pickaxe"
      },
      "title": {
        "text": "Toolmaking",
        "color": "white"
      },
      "description": [
        {
          "text": "Unlocks: ",
          "color": "white",
          "italic": false
        },
        {
          "text": "House, Field, Mine",
          "color": "green",
          "italic": false
        }
      ],
      "frame": "task",
      "show_toast": true,
      "announce_to_chat": false
    },
    "parent": "empires:discovered/root",
    "criteria": {
      "requirement": {
        "trigger": "minecraft:impossible"
      }
    },
    "rewards": {
      "function": "empires:empires_crafter/crafting/select/tech/sound"
  }
}